{"cameraMode":{"drawMode":0,"name":"Shaded","section":"Shading Mode"},"sceneLighting":false,"audioPlay":false,"sceneViewState":{"m_AlwaysRefresh":false,"showFog":true,"showSkybox":false,"showFlares":true,"showImageEffects":true,"showParticleSystems":true,"showVisualEffectGraphs":true,"m_FxEnabled":true},"in2DMode":false,"pivot":{"x":-0.16665494441986085,"y":5.856362819671631,"z":-0.019611597061157228},"rotation":{"x":0.4896642565727234,"y":-0.051717206835746768,"z":-0.02915693260729313,"w":-0.8699074387550354},"size":3.12516450881958,"orthographic":false}