{"cameraMode":{"drawMode":0,"name":"Shaded","section":"Shading Mode"},"sceneLighting":false,"audioPlay":false,"sceneViewState":{"m_AlwaysRefresh":false,"showFog":true,"showSkybox":false,"showFlares":true,"showImageEffects":true,"showParticleSystems":true,"showVisualEffectGraphs":true,"m_FxEnabled":true},"in2DMode":false,"pivot":{"x":0.0000017881393432617188,"y":1.5140886306762696,"z":0.016342580318450929},"rotation":{"x":-0.0067875501699745659,"y":-0.9741474986076355,"z":0.029535328969359399,"w":-0.22387449443340302},"size":2.3312337398529054,"orthographic":false}