{"cameraMode":{"drawMode":0,"name":"Shaded","section":"Shading Mode"},"sceneLighting":false,"audioPlay":false,"sceneViewState":{"m_AlwaysRefresh":false,"showFog":true,"showSkybox":false,"showFlares":true,"showImageEffects":true,"showParticleSystems":true,"showVisualEffectGraphs":true,"m_FxEnabled":true},"in2DMode":false,"pivot":{"x":-0.06695342063903809,"y":5.850587844848633,"z":0.13736915588378907},"rotation":{"x":0.4896642565727234,"y":-0.051717206835746768,"z":-0.02915693260729313,"w":-0.8699074387550354},"size":4.348948955535889,"orthographic":false}